Year,e0,Optimiste,Pessimiste
2020,84.53316261026295,84.53316261026295,84.53316261026295
2021,84.61818236435452,84.66818236435452,84.56818236435453
2022,84.70279342492123,84.80279342492122,84.60279342492123
2023,84.7870014165488,84.93700141654881,84.6370014165488
2024,84.87081188532838,85.07081188532838,84.67081188532838
2025,84.95423030027024,85.20423030027024,84.70423030027024
2026,85.03726205469222,85.33726205469222,84.73726205469222
2027,85.11991246758295,85.46991246758294,84.76991246758296
2028,85.20218678494096,85.60218678494097,84.80218678494096
2029,85.28409018108955,85.73409018108956,84.83409018108955
2030,85.36562775996813,85.86562775996813,84.86562775996813
2031,85.44680455640017,85.99680455640016,84.89680455640017
2032,85.52762553733734,86.12762553733734,84.92762553733735
2033,85.60809560308277,86.25809560308278,84.95809560308277
2034,85.68821958849031,86.38821958849032,84.98821958849031
2035,85.7680022641425,86.5180022641425,85.0180022641425
2036,85.84744833750761,86.64744833750761,85.04744833750762
2037,85.92656245407429,86.77656245407428,85.07656245407429
2038,86.00534919846656,86.90534919846657,85.10534919846656
2039,86.08381309553724,87.03381309553724,85.13381309553723
2040,86.16195861144185,87.16195861144185,85.16195861144185
2041,86.23979015469266,87.28979015469265,85.18979015469266
2042,86.31731207719304,87.41731207719303,85.21731207719304
2043,86.39452867525232,87.54452867525232,85.24452867525231
2044,86.47144419058274,87.67144419058275,85.27144419058274
2045,86.54806281127688,87.79806281127688,85.29806281127688
2046,86.62438867276764,87.92438867276763,85.32438867276764
2047,86.70042585876979,88.05042585876978,85.3504258587698
2048,86.77617840220427,88.17617840220427,85.37617840220426
2049,86.85165028610511,88.30165028610512,85.40165028610511
